"ID, Nombre completo, Fecha de nacimiento"
"C0001, Leandra Anna Malo Alba, 31024"
"C0002, Severo Granados Iglesia, 31636"
"C0003, Lucho Andreu Amat, 32979"
"C0004, Matías Mauricio Castillo Barrera, 35401"
"C0005, Mauricio Guijarro Castelló, 30816"
"C0006, Isaura Leyre Avilés Pelayo, 31885"
"C0007, Soraya Morera-Lago, 33204"
"C0008, Victoriano Tapia-Cabanillas, 29651"
"C0009, Nidia Saez Campoy, 29339"
"C0010, Teófila Villanueva Molina, 31781"
"C0011, Trini de Alberdi, 33211"
"C0012, Dani Baena, 28418"
"C0013, Angelina de Arregui, 36577"
"C0014, Samuel de Carranza, 36296"
"C0015, Jacinta Montenegro Garcés, 34406"
"C0016, Lisandro Delgado Nadal, 29329"
"C0017, Samanta Manjón Godoy, 29283"
"C0018, Albano Teodosio Cañete Rosa, 29680"
"C0019, Abel Villanueva, 32306"
"C0020, Bienvenida Pulido Cózar, 34355"
"C0021, Patricio Manzano Pomares, 29037"
"C0022, Modesto de Casares, 27741"
"C0023, Berto del Morales, 32080"
"C0024, Nuria Daniela Jáuregui Tejero, 29038"
"C0025, Anastasia Pedrero Solera, 31653"
"C0026, Purificación Salomé Ferrán Valero, 30954"
"C0027, Melania Cobos Lozano, 32613"
"C0028, Evangelina Font Lago, 28575"
"C0029, Otilia Mercader Jimenez, 31584"
"C0030, Nadia Reyes-Bosch, 35503"
"C0031, Mireia Córdoba Pi, 34263"
"C0032, Melisa Rueda Rosado, 25839"
"C0033, Trini Sanabria-Frías, 32650"
"C0034, Lucía Manola Briones Jove, 34301"
"C0035, Natalio Pereira Barrio, 25830"
"C0036, Nerea Alcalde Solé, 30715"
"C0037, Gracia Goicoechea Alba, 29565"
"C0038, Toño Hidalgo Blázquez, 32471"
"C0039, Cándida Sedano Jiménez, 29692"
"C0040, Eutimio Barreda Cobos, 36289"
"C0041, Rosario Yuste Falcón, 31587"
"C0042, Encarnacion Español Ocaña, 31131"
"C0043, Magdalena Vilaplana Esteve, 33507"
"C0044, Adelardo Novoa, 31210"
"C0045, Adoración Rovira Zabala, 28423"
"C0046, Ovidio Lamas, 36594"
"C0047, Reyes Julián Nogués, 28587"
"C0048, Adoración Jurado Clemente, 28102"
"C0049, Plácido Zabala Feijoo, 28874"
"C0050, Abel Alex Cueto López, 27279"
"C0051, Miguela Sanmiguel Paz, 27862"
"C0052, Narcisa Villaverde Montes, 36116"
"C0053, Leonardo Aller Bermúdez, 26192"
"C0054, Javiera Bartolomé Torrens, 33770"
"C0055, María Carmen de Fuster, 26904"
"C0056, Adán Fonseca Marin, 25827"
"C0057, Adalberto de Fabra, 32865"
"C0058, Rosalinda Jaume Romero, 31253"
"C0059, Abigaíl Enríquez Carreras, 31885"
"C0060, África Morcillo, 36212"
"C0061, Gilberto Cárdenas-Esparza, 27835"
"C0062, Marisela Posada Jover, 33379"
"C0063, Begoña Claudia Coello Zabaleta, 26064"
"C0064, Marcos Arregui Sainz, 28225"
"C0065, Venceslás Sastre Peñalver, 28736"
"C0066, Febe Amaya, 29414"
"C0067, Quirino Granados Verdugo, 33957"
"C0068, Imelda de Perea, 28438"
"C0069, Isidora de Crespi, 29260"
"C0070, Balduino Martin Águila, 33899"
"C0071, Casandra Ramírez Canet, 28021"
"C0072, Eustaquio Vigil Gil, 26751"
"C0073, Elvira del Espinosa, 36628"
"C0074, Pía Huertas Manzanares, 26346"
"C0075, Alberto Salas Báez, 33469"
"C0076, Sol Rosales Calvo, 30170"
"C0077, Guiomar Folch Sanjuan, 31024"
"C0078, Nidia Pardo-Nuñez, 32694"
"C0079, Emperatriz Sabina Pastor Pedrero, 27063"
"C0080, Ximena Jurado-Mata, 34433"
"C0081, Eugenio Aranda Falcón, 35890"
"C0082, Felicia del Palomo, 31273"
"C0083, Abel Uribe Cerro, 33040"
"C0084, Andrés Felipe Prado-Infante, 34050"
"C0085, Jordi de Perea, 35432"
"C0086, Ricarda Escrivá Cervera, 25991"
"C0087, Socorro Morales Guerrero, 31588"
"C0088, Asunción Ágata Gutierrez Morera, 27148"
"C0089, Jesús Frías Ibáñez, 33060"
"C0090, Teodosio Niño, 30162"
"C0091, Susana Vizcaíno Nuñez, 34715"
"C0092, Abilio Cuéllar Rovira, 34167"
"C0093, Adora Alberto Rebollo, 25821"
"C0094, Primitivo Jaén Garcés, 34743"
"C0095, Delfina Donoso, 35166"
"C0096, Julio Fuster Vigil, 34774"
"C0097, Cintia Carballo-Bayona, 32023"
"C0098, Fortunata Pascual Ribas, 32148"
"C0099, Lilia Figuerola Bauzà, 28363"
"C0100, Pili Morell-Oliver, 26882"
"C0101, Estrella Peñas Benito, 30189"
"C0102, María Ángeles Roura Carnero, 31963"
"C0103, Violeta Violeta Lamas Sarabia, 32884"
"C0104, Ruben Marquez Belda, 29851"
"C0105, Manola Criado, 31236"
"C0106, Rita Asensio Salgado, 32906"
"C0107, Daniela Cabello Vallés, 30250"
"C0108, Nicolasa Aurelia Lasa Puig, 28945"
"C0109, Jonatan Trillo Larrañaga, 33363"
"C0110, Jose Francisco Alvarado Pombo, 36328"
"C0111, Samanta Casandra Borrell Maestre, 25591"
"C0112, Emilia María Luisa Lluch Vives, 29394"
"C0113, Esteban Guillén Mena, 27233"
"C0114, Josué Rocha Juan, 34000"
"C0115, Encarnación Alemán-Prats, 34730"
"C0116, Celia Verdú, 33094"
"C0117, Espiridión del Viñas, 30547"
"C0118, Melania Lobato-Mena, 30407"
"C0119, Sosimo Roig Bayo, 32259"
"C0120, Abel Carrasco-Belda, 28705"
"C0121, Alicia Celestina Ibáñez Santana, 32838"
"C0122, Conrado Torre, 34191"
"C0123, Leoncio Pombo Nadal, 26082"
"C0124, Marcia Tomas, 35017"
"C0125, Aurelia del Ocaña, 26564"
"C0126, Porfirio Cases Fabregat, 28836"
"C0127, Maristela Mármol, 36448"
"C0128, Leticia Azorin Cortina, 36425"
"C0129, Régulo de Sacristán, 27626"
"C0130, Esteban del Múñiz, 26910"
"C0131, Trinidad Exposito Abella, 35507"
"C0132, Pánfilo Ortiz Pardo, 27105"
"C0133, Glauco Llorens Álvarez, 31782"
"C0134, Susanita Zaragoza Higueras, 25628"
"C0135, Ileana Asunción Beltran Samper, 35792"
"C0136, Chus Merino Casas, 26278"
"C0137, Carmina Cervera, 28963"
"C0138, Curro Coello Izaguirre, 26658"
"C0139, Mario Roldán, 28246"
"C0140, Jesusa Fuentes, 36166"
"C0141, Óscar Dominguez Mayol, 27018"
"C0142, Angelino Contreras Pi, 31683"
"C0143, Rafa Camino Perelló, 34635"
"C0144, Aura Vidal-Roma, 32084"
"C0145, Lara Jordana Ballester Lladó, 27254"
"C0146, Aníbal Castelló Sarabia, 33667"
"C0147, Adriana Higueras Ribes, 29348"
"C0148, Ernesto Cuadrado Mesa, 31850"
"C0149, Estela Ponce-Losada, 35454"
"C0150, Luis Miguel del Tapia, 26181"
"C0151, Elpidio Agullo Tejero, 32357"
"C0152, María Carmen Ródenas Acosta, 25837"
"C0153, Lucas Vendrell Valverde, 32122"
"C0154, Gerardo Tomé Real, 35586"
"C0155, Elías Sacristán Vázquez, 35826"
"C0156, Victoriano Valencia Coloma, 35951"
"C0157, Vera Ribes-Cases, 35349"
"C0158, Ligia Moya Calleja, 29493"
"C0159, Evangelina Barragán Castell, 35093"
"C0160, Florencia Domitila Castell Mendizábal, 35038"
"C0161, Javier Arellano-Murcia, 36252"
"C0162, Aurelia Sans Oller, 33555"
"C0163, Teodora Jerez Tormo, 34599"
"C0164, Cornelio Noguera Lluch, 33725"
"C0165, Carla Serna Montalbán, 36285"
"C0166, Macarena Valeria Feliu Mayol, 31596"
"C0167, Jacinta Paz Domingo Rivas, 36188"
"C0168, Victor Manuel Tejedor Nevado, 31722"
"C0169, Blanca Molina Francisco, 28278"
"C0170, Jonatan Fonseca Quevedo, 29942"
"C0171, Humberto Vila, 34761"
"C0172, Isaura Fuentes Guardiola, 32249"
"C0173, Rufina Vargas Andres, 29102"
"C0174, Reinaldo Barral Lago, 30836"
"C0175, Jose Ignacio Vila-Rios, 33334"
"C0176, Roberto Cánovas Segura, 35844"
"C0177, Rómulo Ortega-Giner, 29223"
"C0178, Gastón Leon Solana, 26024"
"C0179, Emilia Jove-Ropero, 31696"
"C0180, Calixto Pinedo Torrijos, 34155"
"C0181, Ciro Ledesma Bru, 30023"
"C0182, Dora del Segarra, 28292"
"C0183, Juan Bautista de Salazar, 28155"
"C0184, Narciso del Anaya, 36088"
"C0185, Martirio Reina Malo Alonso, 34328"
"C0186, Maximiliano Maestre Mendizábal, 31986"
"C0187, Noa Dominguez-Llorente, 28373"
"C0188, Miguel Mur Cruz, 32429"
"C0189, Gala Gimenez-Lasa, 28367"
"C0190, Saturnino Palacios Lamas, 25720"
"C0191, Ariel Castellanos Bauzà, 27720"
"C0192, Trinidad Salas Gimenez, 27517"
"C0193, Adalberto del Seco, 35367"
"C0194, Eustaquio Palacios Francisco, 32776"
"C0195, Susana Castro Ruiz, 34250"
"C0196, Emelina Melisa Palau Seco, 35916"
"C0197, Sandalio Baeza Grande, 34994"
"C0198, Gregorio Guerrero Palomino, 30728"
"C0199, Socorro de Higueras, 28005"
"C0200, Otilia Viana Torres, 36027"
"C0201, Luís Guzman Alsina, 26381"
